<?xml version="1.0" encoding="UTF-8"?>
<office:document-content xmlns:officeooo="http://openoffice.org/2009/office" xmlns:css3t="http://www.w3.org/TR/css3-text/" xmlns:grddl="http://www.w3.org/2003/g/data-view#" xmlns:xhtml="http://www.w3.org/1999/xhtml" xmlns:xsi="http://www.w3.org/2001/XMLSchema-instance" xmlns:chart="urn:oasis:names:tc:opendocument:xmlns:chart:1.0" xmlns:svg="urn:oasis:names:tc:opendocument:xmlns:svg-compatible:1.0" xmlns:draw="urn:oasis:names:tc:opendocument:xmlns:drawing:1.0" xmlns:rpt="http://openoffice.org/2005/report" xmlns:text="urn:oasis:names:tc:opendocument:xmlns:text:1.0" xmlns:style="urn:oasis:names:tc:opendocument:xmlns:style:1.0" xmlns:meta="urn:oasis:names:tc:opendocument:xmlns:meta:1.0" xmlns:xlink="http://www.w3.org/1999/xlink" xmlns:fo="urn:oasis:names:tc:opendocument:xmlns:xsl-fo-compatible:1.0" xmlns:of="urn:oasis:names:tc:opendocument:xmlns:of:1.2" xmlns:dc="http://purl.org/dc/elements/1.1/" xmlns:ooo="http://openoffice.org/2004/office" xmlns:dr3d="urn:oasis:names:tc:opendocument:xmlns:dr3d:1.0" xmlns:formx="urn:openoffice:names:experimental:ooxml-odf-interop:xmlns:form:1.0" xmlns:calcext="urn:org:documentfoundation:names:experimental:calc:xmlns:calcext:1.0" xmlns:drawooo="http://openoffice.org/2010/draw" xmlns:field="urn:openoffice:names:experimental:ooo-ms-interop:xmlns:field:1.0" xmlns:office="urn:oasis:names:tc:opendocument:xmlns:office:1.0" xmlns:table="urn:oasis:names:tc:opendocument:xmlns:table:1.0" xmlns:number="urn:oasis:names:tc:opendocument:xmlns:datastyle:1.0" xmlns:ooow="http://openoffice.org/2004/writer" xmlns:oooc="http://openoffice.org/2004/calc" xmlns:tableooo="http://openoffice.org/2009/table" xmlns:loext="urn:org:documentfoundation:names:experimental:office:xmlns:loext:1.0" xmlns:math="http://www.w3.org/1998/Math/MathML" xmlns:form="urn:oasis:names:tc:opendocument:xmlns:form:1.0" xmlns:script="urn:oasis:names:tc:opendocument:xmlns:script:1.0" xmlns:dom="http://www.w3.org/2001/xml-events" xmlns:xforms="http://www.w3.org/2002/xforms" xmlns:xsd="http://www.w3.org/2001/XMLSchema" office:version="1.2"><office:scripts/><office:font-face-decls><style:font-face style:name="OpenSymbol" svg:font-family="OpenSymbol" style:font-charset="x-symbol"/><style:font-face style:name="Mangal1" svg:font-family="Mangal"/><style:font-face style:name="Liberation Serif" svg:font-family="&apos;Liberation Serif&apos;" style:font-family-generic="roman" style:font-pitch="variable"/><style:font-face style:name="Liberation Sans" svg:font-family="&apos;Liberation Sans&apos;" style:font-family-generic="swiss" style:font-pitch="variable"/><style:font-face style:name="Mangal" svg:font-family="Mangal" style:font-family-generic="system" style:font-pitch="variable"/><style:font-face style:name="Microsoft YaHei" svg:font-family="&apos;Microsoft YaHei&apos;" style:font-family-generic="system" style:font-pitch="variable"/><style:font-face style:name="SimSun" svg:font-family="SimSun" style:font-family-generic="system" style:font-pitch="variable"/></office:font-face-decls><office:automatic-styles><style:style style:name="Table1" style:family="table"><style:table-properties style:width="17.013cm" fo:margin-left="0cm" table:align="left"/></style:style><style:style style:name="Table1.A" style:family="table-column"><style:table-column-properties style:column-width="3.995cm"/></style:style><style:style style:name="Table1.B" style:family="table-column"><style:table-column-properties style:column-width="3.493cm"/></style:style><style:style style:name="Table1.C" style:family="table-column"><style:table-column-properties style:column-width="5.609cm"/></style:style><style:style style:name="Table1.D" style:family="table-column"><style:table-column-properties style:column-width="3.916cm"/></style:style><style:style style:name="Table1.A1" style:family="table-cell"><style:table-cell-properties fo:padding="0.097cm" fo:border-left="0.05pt solid #000000" fo:border-right="none" fo:border-top="0.05pt solid #000000" fo:border-bottom="0.05pt solid #000000"/></style:style><style:style style:name="Table1.D1" style:family="table-cell"><style:table-cell-properties fo:padding="0.097cm" fo:border="0.05pt solid #000000"/></style:style><style:style style:name="Table1.A2" style:family="table-cell"><style:table-cell-properties fo:padding="0.097cm" fo:border-left="0.05pt solid #000000" fo:border-right="none" fo:border-top="none" fo:border-bottom="0.05pt solid #000000"/></style:style><style:style style:name="Table1.D2" style:family="table-cell"><style:table-cell-properties fo:padding="0.097cm" fo:border-left="0.05pt solid #000000" fo:border-right="0.05pt solid #000000" fo:border-top="none" fo:border-bottom="0.05pt solid #000000"/></style:style><style:style style:name="P1" style:family="paragraph" style:parent-style-name="Text_20_body"><style:text-properties officeooo:paragraph-rsid="000746a3"/></style:style><style:style style:name="P2" style:family="paragraph" style:parent-style-name="Text_20_body"><style:text-properties officeooo:paragraph-rsid="0007a668"/></style:style><style:style style:name="P3" style:family="paragraph" style:parent-style-name="Text_20_body"><style:text-properties officeooo:paragraph-rsid="000a37f8"/></style:style><style:style style:name="P4" style:family="paragraph" style:parent-style-name="Text_20_body"><style:text-properties officeooo:paragraph-rsid="000c20d5"/></style:style><style:style style:name="P5" style:family="paragraph" style:parent-style-name="Text_20_body"><style:text-properties officeooo:rsid="000f7630" officeooo:paragraph-rsid="000f7630"/></style:style><style:style style:name="P6" style:family="paragraph" style:parent-style-name="Text_20_body"><style:text-properties officeooo:rsid="00116bc2" officeooo:paragraph-rsid="00116bc2"/></style:style><style:style style:name="P7" style:family="paragraph" style:parent-style-name="Text_20_body"><style:text-properties officeooo:paragraph-rsid="0014b675"/></style:style><style:style style:name="P8" style:family="paragraph" style:parent-style-name="Text_20_body"><style:text-properties officeooo:rsid="001922ce" officeooo:paragraph-rsid="001922ce"/></style:style><style:style style:name="P9" style:family="paragraph" style:parent-style-name="Text_20_body"><style:text-properties officeooo:rsid="001b9450" officeooo:paragraph-rsid="001b9450"/></style:style><style:style style:name="P10" style:family="paragraph" style:parent-style-name="Text_20_body"><style:text-properties officeooo:paragraph-rsid="001d8e5b"/></style:style><style:style style:name="P11" style:family="paragraph" style:parent-style-name="Text_20_body"><style:text-properties officeooo:rsid="001de7d8" officeooo:paragraph-rsid="001de7d8"/></style:style><style:style style:name="P12" style:family="paragraph" style:parent-style-name="Text_20_body"><style:text-properties officeooo:rsid="002173ca" officeooo:paragraph-rsid="002173ca"/></style:style><style:style style:name="P13" style:family="paragraph" style:parent-style-name="Text_20_body"><style:text-properties officeooo:rsid="0022ae7b" officeooo:paragraph-rsid="0022ae7b"/></style:style><style:style style:name="P14" style:family="paragraph" style:parent-style-name="Text_20_body"><style:text-properties officeooo:rsid="00249ab4" officeooo:paragraph-rsid="00249ab4"/></style:style><style:style style:name="P15" style:family="paragraph" style:parent-style-name="Text_20_body"><style:text-properties officeooo:paragraph-rsid="0024e9b1"/></style:style><style:style style:name="P16" style:family="paragraph" style:parent-style-name="Text_20_body"><style:text-properties officeooo:rsid="00278a51" officeooo:paragraph-rsid="00278a51"/></style:style><style:style style:name="P17" style:family="paragraph" style:parent-style-name="Text_20_body"><style:text-properties officeooo:rsid="002bd10d" officeooo:paragraph-rsid="002bd10d"/></style:style><style:style style:name="P18" style:family="paragraph" style:parent-style-name="Text_20_body"><style:paragraph-properties fo:text-align="start" style:justify-single-word="false"/><style:text-properties fo:font-style="normal" officeooo:rsid="002e03e8" officeooo:paragraph-rsid="002e03e8" style:font-style-asian="normal" style:font-style-complex="normal"/></style:style><style:style style:name="P19" style:family="paragraph" style:parent-style-name="Text_20_body"><style:paragraph-properties fo:text-align="start" style:justify-single-word="false"/><style:text-properties fo:font-style="normal" officeooo:rsid="002fd34c" officeooo:paragraph-rsid="002fd34c" style:font-style-asian="normal" style:font-style-complex="normal"/></style:style><style:style style:name="P20" style:family="paragraph" style:parent-style-name="Text_20_body"><style:paragraph-properties fo:text-align="start" style:justify-single-word="false"/><style:text-properties fo:font-style="normal" officeooo:rsid="00313264" officeooo:paragraph-rsid="00313264" style:font-style-asian="normal" style:font-style-complex="normal"/></style:style><style:style style:name="P21" style:family="paragraph" style:parent-style-name="Text_20_body"><style:paragraph-properties fo:text-align="start" style:justify-single-word="false"/><style:text-properties officeooo:paragraph-rsid="00374c07"/></style:style><style:style style:name="P22" style:family="paragraph" style:parent-style-name="Text_20_body"><style:text-properties officeooo:paragraph-rsid="003e2a68"/></style:style><style:style style:name="P23" style:family="paragraph" style:parent-style-name="Text_20_body"><style:text-properties officeooo:paragraph-rsid="0042636a"/></style:style><style:style style:name="P24" style:family="paragraph" style:parent-style-name="Title"><style:text-properties officeooo:rsid="00052283" officeooo:paragraph-rsid="00052283"/></style:style><style:style style:name="P25" style:family="paragraph" style:parent-style-name="Heading"><style:text-properties officeooo:rsid="0033d535" officeooo:paragraph-rsid="0033d535"/></style:style><style:style style:name="P26" style:family="paragraph" style:parent-style-name="Heading"><style:text-properties officeooo:paragraph-rsid="0043ae43"/></style:style><style:style style:name="P27" style:family="paragraph" style:parent-style-name="Heading"><style:paragraph-properties fo:break-before="page"/><style:text-properties officeooo:rsid="0033d535" officeooo:paragraph-rsid="0033d535"/></style:style><style:style style:name="P28" style:family="paragraph" style:parent-style-name="Table_20_Contents"><style:paragraph-properties fo:text-align="start" style:justify-single-word="false"/><style:text-properties fo:font-weight="bold" officeooo:rsid="002e03e8" officeooo:paragraph-rsid="002e03e8" style:font-weight-asian="bold" style:font-weight-complex="bold"/></style:style><style:style style:name="P29" style:family="paragraph" style:parent-style-name="Table_20_Contents"><style:paragraph-properties fo:text-align="start" style:justify-single-word="false"/><style:text-properties officeooo:rsid="002e03e8" officeooo:paragraph-rsid="002e03e8"/></style:style><style:style style:name="P30" style:family="paragraph" style:parent-style-name="Table_20_Contents"><style:paragraph-properties fo:text-align="start" style:justify-single-word="false"/><style:text-properties style:font-name="Liberation Serif"/></style:style><style:style style:name="P31" style:family="paragraph" style:parent-style-name="Table_20_Contents"><style:paragraph-properties fo:text-align="start" style:justify-single-word="false"/><style:text-properties officeooo:rsid="002f59dd" officeooo:paragraph-rsid="002f59dd"/></style:style><style:style style:name="P32" style:family="paragraph" style:parent-style-name="Table_20_Contents"><style:paragraph-properties fo:text-align="start" style:justify-single-word="false"/><style:text-properties fo:color="#000000" style:font-name="Liberation Serif" officeooo:rsid="002e03e8" officeooo:paragraph-rsid="002e03e8" fo:background-color="#ffffff"/></style:style><style:style style:name="P33" style:family="paragraph" style:parent-style-name="Table_20_Contents"><style:paragraph-properties fo:text-align="start" style:justify-single-word="false"/><style:text-properties fo:color="#000000" style:font-name="Liberation Serif" fo:background-color="#ffffff"/></style:style><style:style style:name="P34" style:family="paragraph" style:parent-style-name="Heading_20_1"><style:text-properties officeooo:rsid="00052283" officeooo:paragraph-rsid="00052283"/></style:style><style:style style:name="P35" style:family="paragraph" style:parent-style-name="Heading_20_1" style:list-style-name=""><style:text-properties officeooo:rsid="00052283" officeooo:paragraph-rsid="00052283"/></style:style><style:style style:name="P36" style:family="paragraph" style:parent-style-name="Heading_20_1"><style:text-properties officeooo:rsid="0033d535" officeooo:paragraph-rsid="00052283"/></style:style><style:style style:name="P37" style:family="paragraph" style:parent-style-name="Heading_20_1"><style:text-properties officeooo:rsid="000746a3" officeooo:paragraph-rsid="000746a3"/></style:style><style:style style:name="P38" style:family="paragraph" style:parent-style-name="Heading_20_1"><style:paragraph-properties fo:break-before="page"/><style:text-properties officeooo:rsid="00052283" officeooo:paragraph-rsid="00052283"/></style:style><style:style style:name="P39" style:family="paragraph" style:parent-style-name="Heading_20_2"><style:text-properties officeooo:rsid="0042636a" officeooo:paragraph-rsid="0042636a"/></style:style><style:style style:name="P40" style:family="paragraph" style:parent-style-name="Text_20_body"><style:paragraph-properties fo:text-align="center" style:justify-single-word="false"/><style:text-properties fo:font-style="italic" officeooo:rsid="002d775e" officeooo:paragraph-rsid="002d775e" style:font-style-asian="italic" style:font-style-complex="italic"/></style:style><style:style style:name="P41" style:family="paragraph" style:parent-style-name="Text_20_body" style:list-style-name="L1"><style:text-properties officeooo:rsid="003f2e8d" officeooo:paragraph-rsid="003f2e8d"/></style:style><style:style style:name="P42" style:family="paragraph" style:parent-style-name="Text_20_body"><style:paragraph-properties fo:text-align="start" style:justify-single-word="false"/><style:text-properties fo:font-style="normal" officeooo:rsid="003f2e8d" officeooo:paragraph-rsid="003f2e8d" style:font-style-asian="normal" style:font-style-complex="normal"/></style:style><style:style style:name="T1" style:family="text"><style:text-properties officeooo:rsid="000746a3"/></style:style><style:style style:name="T2" style:family="text"><style:text-properties officeooo:rsid="0007a668"/></style:style><style:style style:name="T3" style:family="text"><style:text-properties officeooo:rsid="0009300b"/></style:style><style:style style:name="T4" style:family="text"><style:text-properties officeooo:rsid="0009b790"/></style:style><style:style style:name="T5" style:family="text"><style:text-properties officeooo:rsid="000a37f8"/></style:style><style:style style:name="T6" style:family="text"><style:text-properties officeooo:rsid="000c20d5"/></style:style><style:style style:name="T7" style:family="text"><style:text-properties officeooo:rsid="000dc186"/></style:style><style:style style:name="T8" style:family="text"><style:text-properties officeooo:rsid="00116bc2"/></style:style><style:style style:name="T9" style:family="text"><style:text-properties officeooo:rsid="00130ce5"/></style:style><style:style style:name="T10" style:family="text"><style:text-properties officeooo:rsid="0014b675"/></style:style><style:style style:name="T11" style:family="text"><style:text-properties officeooo:rsid="001689ca"/></style:style><style:style style:name="T12" style:family="text"><style:text-properties officeooo:rsid="001b1505"/></style:style><style:style style:name="T13" style:family="text"><style:text-properties officeooo:rsid="001b9450"/></style:style><style:style style:name="T14" style:family="text"><style:text-properties officeooo:rsid="001d73bd"/></style:style><style:style style:name="T15" style:family="text"><style:text-properties officeooo:rsid="001d8e5b"/></style:style><style:style style:name="T16" style:family="text"><style:text-properties officeooo:rsid="001de7d8"/></style:style><style:style style:name="T17" style:family="text"><style:text-properties officeooo:rsid="001f74c6"/></style:style><style:style style:name="T18" style:family="text"><style:text-properties officeooo:rsid="002173ca"/></style:style><style:style style:name="T19" style:family="text"><style:text-properties officeooo:rsid="00220fa5"/></style:style><style:style style:name="T20" style:family="text"><style:text-properties officeooo:rsid="002401e6"/></style:style><style:style style:name="T21" style:family="text"><style:text-properties officeooo:rsid="0026f847"/></style:style><style:style style:name="T22" style:family="text"><style:text-properties officeooo:rsid="00281f1f"/></style:style><style:style style:name="T23" style:family="text"><style:text-properties officeooo:rsid="002a074d"/></style:style><style:style style:name="T24" style:family="text"><style:text-properties officeooo:rsid="002d775e"/></style:style><style:style style:name="T25" style:family="text"><style:text-properties fo:color="#000000" fo:background-color="#ffffff" loext:char-shading-value="0"/></style:style><style:style style:name="T26" style:family="text"><style:text-properties fo:color="#000000" officeooo:rsid="002f610f" fo:background-color="#ffffff" loext:char-shading-value="0"/></style:style><style:style style:name="T27" style:family="text"><style:text-properties officeooo:rsid="002f59dd"/></style:style><style:style style:name="T28" style:family="text"><style:text-properties officeooo:rsid="002f610f"/></style:style><style:style style:name="T29" style:family="text"><style:text-properties officeooo:rsid="0031acbd"/></style:style><style:style style:name="T30" style:family="text"><style:text-properties officeooo:rsid="00374c07"/></style:style><style:style style:name="T31" style:family="text"><style:text-properties fo:font-style="italic" style:font-style-asian="italic" style:font-style-complex="italic"/></style:style><style:style style:name="T32" style:family="text"><style:text-properties fo:font-style="normal" style:font-style-asian="normal" style:font-style-complex="normal"/></style:style><style:style style:name="T33" style:family="text"><style:text-properties fo:font-style="normal" officeooo:rsid="00374c07" style:font-style-asian="normal" style:font-style-complex="normal"/></style:style><style:style style:name="T34" style:family="text"><style:text-properties fo:font-style="normal" officeooo:rsid="0038a95a" style:font-style-asian="normal" style:font-style-complex="normal"/></style:style><style:style style:name="T35" style:family="text"><style:text-properties officeooo:rsid="003af388"/></style:style><style:style style:name="T36" style:family="text"><style:text-properties officeooo:rsid="003c950b"/></style:style><style:style style:name="T37" style:family="text"><style:text-properties officeooo:rsid="003e2a68"/></style:style><style:style style:name="T38" style:family="text"><style:text-properties officeooo:rsid="003ed22f"/></style:style><style:style style:name="T39" style:family="text"><style:text-properties officeooo:rsid="003ef127"/></style:style><style:style style:name="T40" style:family="text"><style:text-properties officeooo:rsid="0042636a"/></style:style><style:style style:name="T41" style:family="text"><style:text-properties officeooo:rsid="0042a3c6"/></style:style><style:style style:name="T42" style:family="text"><style:text-properties officeooo:rsid="0043ae43"/></style:style><style:style style:name="T43" style:family="text"><style:text-properties officeooo:rsid="00458c9b"/></style:style><style:style style:name="T44" style:family="text"><style:text-properties officeooo:rsid="004839a8"/></style:style><style:style style:name="fr1" style:family="graphic" style:parent-style-name="Graphics"><style:graphic-properties style:vertical-pos="from-top" style:vertical-rel="paragraph" style:horizontal-pos="from-left" style:horizontal-rel="paragraph" style:mirror="none" fo:clip="rect(0cm, 0cm, 0cm, 0cm)" draw:luminance="0%" draw:contrast="0%" draw:red="0%" draw:green="0%" draw:blue="0%" draw:gamma="100%" draw:color-inversion="false" draw:image-opacity="100%" draw:color-mode="standard"/></style:style><style:style style:name="fr2" style:family="graphic" style:parent-style-name="Graphics"><style:graphic-properties style:run-through="foreground" style:wrap="none" style:vertical-pos="from-top" style:vertical-rel="paragraph" style:horizontal-pos="from-left" style:horizontal-rel="paragraph" style:mirror="none" fo:clip="rect(0cm, 0cm, 0cm, 0cm)" draw:luminance="0%" draw:contrast="0%" draw:red="0%" draw:green="0%" draw:blue="0%" draw:gamma="100%" draw:color-inversion="false" draw:image-opacity="100%" draw:color-mode="standard"/></style:style><style:style style:name="fr3" style:family="graphic" style:parent-style-name="Graphics"><style:graphic-properties style:run-through="foreground" style:wrap="none" style:vertical-pos="from-top" style:vertical-rel="paragraph" style:horizontal-pos="from-left" style:horizontal-rel="paragraph" style:mirror="none" fo:clip="rect(2.782cm, 0cm, 3.138cm, 0cm)" draw:luminance="0%" draw:contrast="0%" draw:red="0%" draw:green="0%" draw:blue="0%" draw:gamma="100%" draw:color-inversion="false" draw:image-opacity="100%" draw:color-mode="standard"/></style:style><style:style style:name="fr4" style:family="graphic" style:parent-style-name="Graphics"><style:graphic-properties style:run-through="foreground" style:wrap="none" style:vertical-pos="from-top" style:vertical-rel="paragraph" style:horizontal-pos="from-left" style:horizontal-rel="paragraph" style:mirror="none" fo:clip="rect(7.153cm, 0cm, -0.002cm, 0cm)" draw:luminance="0%" draw:contrast="0%" draw:red="0%" draw:green="0%" draw:blue="0%" draw:gamma="100%" draw:color-inversion="false" draw:image-opacity="100%" draw:color-mode="standard"/></style:style><style:style style:name="fr5" style:family="graphic" style:parent-style-name="Graphics"><style:graphic-properties style:run-through="foreground" style:wrap="none" style:vertical-pos="from-top" style:vertical-rel="paragraph" style:horizontal-pos="from-left" style:horizontal-rel="paragraph" style:mirror="none" fo:clip="rect(0cm, 0cm, 7.332cm, 0cm)" draw:luminance="0%" draw:contrast="0%" draw:red="0%" draw:green="0%" draw:blue="0%" draw:gamma="100%" draw:color-inversion="false" draw:image-opacity="100%" draw:color-mode="standard"/></style:style><style:style style:name="fr6" style:family="graphic" style:parent-style-name="Graphics"><style:graphic-properties fo:margin-left="0.64cm" fo:margin-right="0.64cm" fo:margin-top="0.64cm" fo:margin-bottom="0.64cm" style:run-through="foreground" style:wrap="none" style:vertical-pos="top" style:vertical-rel="paragraph" style:horizontal-pos="center" style:horizontal-rel="paragraph" style:mirror="none" fo:clip="rect(0cm, 0cm, 0cm, 0cm)" draw:luminance="0%" draw:contrast="0%" draw:red="0%" draw:green="0%" draw:blue="0%" draw:gamma="100%" draw:color-inversion="false" draw:image-opacity="100%" draw:color-mode="standard"/></style:style><text:list-style style:name="L1"><text:list-level-style-bullet text:level="1" text:style-name="Bullet_20_Symbols" text:bullet-char="•"><style:list-level-properties text:list-level-position-and-space-mode="label-alignment"><style:list-level-label-alignment text:label-followed-by="listtab" text:list-tab-stop-position="1.27cm" fo:text-indent="-0.635cm" fo:margin-left="1.27cm"/></style:list-level-properties></text:list-level-style-bullet><text:list-level-style-bullet text:level="2" text:style-name="Bullet_20_Symbols" text:bullet-char="◦"><style:list-level-properties text:list-level-position-and-space-mode="label-alignment"><style:list-level-label-alignment text:label-followed-by="listtab" text:list-tab-stop-position="1.905cm" fo:text-indent="-0.635cm" fo:margin-left="1.905cm"/></style:list-level-properties></text:list-level-style-bullet><text:list-level-style-bullet text:level="3" text:style-name="Bullet_20_Symbols" text:bullet-char="▪"><style:list-level-properties text:list-level-position-and-space-mode="label-alignment"><style:list-level-label-alignment text:label-followed-by="listtab" text:list-tab-stop-position="2.54cm" fo:text-indent="-0.635cm" fo:margin-left="2.54cm"/></style:list-level-properties></text:list-level-style-bullet><text:list-level-style-bullet text:level="4" text:style-name="Bullet_20_Symbols" text:bullet-char="•"><style:list-level-properties text:list-level-position-and-space-mode="label-alignment"><style:list-level-label-alignment text:label-followed-by="listtab" text:list-tab-stop-position="3.175cm" fo:text-indent="-0.635cm" fo:margin-left="3.175cm"/></style:list-level-properties></text:list-level-style-bullet><text:list-level-style-bullet text:level="5" text:style-name="Bullet_20_Symbols" text:bullet-char="◦"><style:list-level-properties text:list-level-position-and-space-mode="label-alignment"><style:list-level-label-alignment text:label-followed-by="listtab" text:list-tab-stop-position="3.81cm" fo:text-indent="-0.635cm" fo:margin-left="3.81cm"/></style:list-level-properties></text:list-level-style-bullet><text:list-level-style-bullet text:level="6" text:style-name="Bullet_20_Symbols" text:bullet-char="▪"><style:list-level-properties text:list-level-position-and-space-mode="label-alignment"><style:list-level-label-alignment text:label-followed-by="listtab" text:list-tab-stop-position="4.445cm" fo:text-indent="-0.635cm" fo:margin-left="4.445cm"/></style:list-level-properties></text:list-level-style-bullet><text:list-level-style-bullet text:level="7" text:style-name="Bullet_20_Symbols" text:bullet-char="•"><style:list-level-properties text:list-level-position-and-space-mode="label-alignment"><style:list-level-label-alignment text:label-followed-by="listtab" text:list-tab-stop-position="5.08cm" fo:text-indent="-0.635cm" fo:margin-left="5.08cm"/></style:list-level-properties></text:list-level-style-bullet><text:list-level-style-bullet text:level="8" text:style-name="Bullet_20_Symbols" text:bullet-char="◦"><style:list-level-properties text:list-level-position-and-space-mode="label-alignment"><style:list-level-label-alignment text:label-followed-by="listtab" text:list-tab-stop-position="5.715cm" fo:text-indent="-0.635cm" fo:margin-left="5.715cm"/></style:list-level-properties></text:list-level-style-bullet><text:list-level-style-bullet text:level="9" text:style-name="Bullet_20_Symbols" text:bullet-char="▪"><style:list-level-properties text:list-level-position-and-space-mode="label-alignment"><style:list-level-label-alignment text:label-followed-by="listtab" text:list-tab-stop-position="6.35cm" fo:text-indent="-0.635cm" fo:margin-left="6.35cm"/></style:list-level-properties></text:list-level-style-bullet><text:list-level-style-bullet text:level="10" text:style-name="Bullet_20_Symbols" text:bullet-char="•"><style:list-level-properties text:list-level-position-and-space-mode="label-alignment"><style:list-level-label-alignment text:label-followed-by="listtab" text:list-tab-stop-position="6.985cm" fo:text-indent="-0.635cm" fo:margin-left="6.985cm"/></style:list-level-properties></text:list-level-style-bullet></text:list-style></office:automatic-styles><office:body><office:text text:use-soft-page-breaks="true"><office:forms form:automatic-focus="false" form:apply-design-mode="false"/><text:sequence-decls><text:sequence-decl text:display-outline-level="0" text:name="Illustration"/><text:sequence-decl text:display-outline-level="0" text:name="Table"/><text:sequence-decl text:display-outline-level="0" text:name="Text"/><text:sequence-decl text:display-outline-level="0" text:name="Drawing"/><text:sequence-decl text:display-outline-level="0" text:name="Figure"/></text:sequence-decls><text:p text:style-name="P24">Wolf Pack Search Algorithm</text:p><text:h text:style-name="P34" text:outline-level="1">Introduction</text:h><text:p text:style-name="P1"><text:span text:style-name="T1">Global optimization is a necessary tool to have with wide range of applications in many areas, like in science, economy, engineering etc. But an increase in complexity of many real-world problems over time, and even the complexity of problems today, makes global optimization a challenging task, especially using traditional methods. In search of new ways and insights </text:span><text:span text:style-name="T2">for</text:span><text:span text:style-name="T1"> tackling these issues, researchers have set themselves in search of </text:span><text:span text:style-name="T2">inspiration from nature. There are many swarm intelligence phenomenon in nature, and scientist and naturalists got their attention piqued by the remarkable social and swarm behavior of animals such as swarming ants, schooling fish, </text:span>and flocking birds.</text:p><text:p text:style-name="P2"><text:span text:style-name="T2">One such marvelous swarm behavior is shown by a wolf pack. Harsh living environment and constant evolution for centuries have created their rigorous organization system and subtle hunting behavior. </text:span><text:span text:style-name="T3">Attempts at mimicking the wolves tactics were made as early as back in Genghis Khan period. In 2011, a formal Wolf Colony Algorithm (WCA) was proposed, which fell short due to its low accuracy and efficiency, and </text:span><text:span text:style-name="T4">easily falling into local minima. In 2014, an improved algorithm was proposed under the name Wolf Pack Algorithm </text:span><text:span text:style-name="T8">(WPA)</text:span><text:span text:style-name="T4">.</text:span></text:p><text:h text:style-name="P34" text:outline-level="1">Analyzing of Wolf Pack</text:h><text:p text:style-name="P3"><text:span text:style-name="T5">A wolf pack shows an impressive implementation of both social hierarchy and ferocious hunting mechanism. </text:span><text:span text:style-name="T6">The social structure of a wolf pack shows us clear social work division. Firstly, there is a lead wolf, the smartest and most ferocious in the pack, selected by natural selection, a leader under the law of the jungle. Lead wolf commands other wolves in the pack, takes decisions for the pack by evaluating surrounding situations, and is responsible for ensuring the pack’s survival.</text:span></text:p><text:p text:style-name="P4"><text:span text:style-name="T6">Secondly, there are some elite wolves, who obey the lead wolf but have a higher social status and responsibilities than the rest of the pack. They are called scouts because the lead wolf sends them to look for prey in a probable scope. They wander around following the smell left by the prey. </text:span><text:span text:style-name="T7">This is referred to as Scouting.</text:span></text:p><text:p text:style-name="P4"><text:span text:style-name="T6">Once a scout wolf finds </text:span><text:span text:style-name="T7">trace of prey, it howls and informs the lead wolf, who will evaluate the situations and decide whether to pursue the trace or not. If deciding to follow the prey, the lead wolf will howl and summon the rest of the pack, the remaining ferocious wolves in the pack. The ferocious wolves will move swiftly towards the location of the lead wolf (by following the howling) while the lead wolf will be periodically howling and moving towards the scout wolf closest to the prey. This is referred to as Calling.</text:span></text:p><text:p text:style-name="P5">After running towards the prey with big strides, all the wolves except the lead wolf stop at a certain distance away from the prey, and assume a Besieging position. The lead wolf then goes in alone and captures the prey.</text:p><text:p text:style-name="P5"><text:soft-page-break/>The captured prey is distributed from the strongest to the weakest. This will result in death of some weak wolves, but ensures that the strongest wolves survive and grow strong to benefit the pack in the next hunt. The dead members of the pack are later replaced by new recruits.</text:p><text:h text:style-name="P34" text:outline-level="1">Algorithm</text:h><text:p text:style-name="P6">WPA has the benefit of using three artificial intelligence behaviors (Scouting, Calling, Besieging) and two intelligence rules (winner-take-all rule for generating lead wolf, and the stronger-survive renewing rule for wolf pack). <text:span text:style-name="T9">T</text:span>he scouting behavior accelerates the possibility that WPA can fully traverse the solution space. <text:span text:style-name="T9">Once the winner-take-all rule generates a lead wolf, the Calling behavior makes the wolves move towards the lead wolf whose position is nearest to the optimal solution.</text:span></text:p><text:p text:style-name="P7"><text:span text:style-name="T9">Measures taken for performance boosting of the technique brings in a few differences in the actual algorithm used in comparison to what we see in nature. </text:span><text:span text:style-name="T10">We employ all wolves in the Scouting process to find the optimal solution faster. Instead of sticking to one specific lead wolf, we test each wolf for fitness in each iteration, and if a wolf other than the previously assigned lead wolf has a better fitness value, we assign this wolf as the new lead wolf. </text:span><text:span text:style-name="T11">The typical WPA algorithm is described below in computation steps.</text:span></text:p><text:p text:style-name="P8">Step 1 (Initialization): Initialize the necessary parameters, like number of wolves, positions of wolves, maximum number of iterations, <text:span text:style-name="T12">maximum number of scouting repetitions</text:span>, step coefficient, <text:span text:style-name="T14">distance determinant coefficient,</text:span> population renewing proportional coefficient etc.</text:p><text:p text:style-name="P8">Step 2 (Scouting): <text:span text:style-name="T13">After choosing the fittest wolf to be the lead wolf, the rest of the wolves take scouting behavior and search the solution space, until either one of the wolves find a better solution than the lead wolf, or until maximum number of repetitions is reached.</text:span></text:p><text:p text:style-name="P9">Step 3 (Calling): <text:span text:style-name="T14">The wolf that is closer to the optimal solution is now assigned the new lead wolf, who calls the rest of the pack towards its position. All the wolves gather towards the lead wolf fast, until either </text:span><text:span text:style-name="T15">a different wolf finds a better solution on the way (in which case that wolf takes the lead position and Calling behavior), or until they are within a specific distance from the lead wolf.</text:span></text:p><text:p text:style-name="P10"><text:span text:style-name="T15">Step 4 (Besieging): </text:span><text:span text:style-name="T16">All the wolves who reach the specific distance from the lead wolf now stop and take Besieging behavior.</text:span></text:p><text:p text:style-name="P11">Step 5 (Renew the position of lead wolf): <text:span text:style-name="T17">Lead wolf finds the optimal solution in this localized space that contains the global optimum, </text:span><text:span text:style-name="T18">and the position of lead wolf is updated according to winner-take-all rule.</text:span></text:p><text:p text:style-name="P12">Step 6 (Renew wolf pack): <text:span text:style-name="T19">Wolf pack is updated under the population renewing rule.</text:span></text:p><text:p text:style-name="P13">Step 7 (Termination): <text:span text:style-name="T20">If the solution matches the precision requirement or if the maximum number of iterations is reached, the program terminates and outputs the optimal solution. Else the program goes back to Scouting (step 2).</text:span></text:p><text:p text:style-name="P13"/><text:p text:style-name="P13"/><text:p text:style-name="P14"><draw:frame draw:style-name="fr6" draw:name="Image1" text:anchor-type="char" svg:width="11.508cm" svg:height="10.079cm" draw:z-index="0"><draw:image xlink:href="Pictures/10000000000001B30000017DA15E4453104EECBE.png" xlink:type="simple" xlink:show="embed" xlink:actuate="onLoad" loext:mime-type="image/png"/></draw:frame><text:soft-page-break/>The flow chart of WPA is shown above.</text:p><text:h text:style-name="Heading_20_2" text:outline-level="2">Improvement</text:h><text:p text:style-name="P15">In search of improving the efficiency of WPA, changes were proposed. The wolf tactic variation Grey Wolf Optimization (GWO) algorithm brings in interesting performance boosts <text:span text:style-name="T23">regarding the run-time</text:span>. While in WPA the three artificial intelligence behaviors are executed sequentially in different iteration loops, GWO executes all three behaviors sequentially once in each iteration loop. Moreover, instead of following one lead wolf, GWO uses three fittest wolves (alpha, beta and delta) with appropriate weight biases to control the wolf pack behaviors, with alpha being the lead wolf. <text:span text:style-name="T21">This is done by controlling the movement of the alpha, beta, delta wolves with a parameter A (randomized) and then the movement of the pack with respect to alpha, beta, delta wolves with a parameter C (randomized), and then averaging the positions.</text:span></text:p><text:p text:style-name="P16">Instead of using GWO, we have started with writing WPA and worked to improve the efficiency of WPA by referring to GWO <text:span text:style-name="T22">and by reducing run-time by optimizing the flow of control of the code.</text:span></text:p><text:h text:style-name="P39" text:outline-level="2">Implementation</text:h><text:p text:style-name="P23"><text:span text:style-name="T40">The algorithm was written in Python programming language. </text:span><text:span text:style-name="T41">The program can either be run with default parameters using “python WolfpackAlgorithm.py”, or be imported as a module. The module (documented with “help”) consists of a class “wpa” which can take as arguments </text:span><text:span text:style-name="T44">the </text:span><text:span text:style-name="T41">number of wolves, function to be optimized, lower limits of plot axis, upper limits of plot axis, dimensions and maximum number of allowed iterations. </text:span><text:span text:style-name="T42">The program run will return an object which fetches positions of each wolves in each iteration (wpa.get_wolves()) and optimal solution position (wpa.get_Lead()). </text:span><text:span text:style-name="T43">Few benchmark functions are imported from “testFunctions.py” (attached).</text:span></text:p><text:h text:style-name="P38" text:outline-level="1">Benchmark problems and solutions</text:h><text:p text:style-name="P17">The algorithm is tested against some benchmark functions <text:span text:style-name="T24">(listed below) </text:span>of known optimal solutions for measuring the accuracy. </text:p><text:p text:style-name="P17"/><text:p text:style-name="P40"><draw:frame draw:style-name="fr5" draw:name="Image2" text:anchor-type="char" svg:x="0cm" svg:y="0cm" svg:width="17cm" svg:height="1.221cm" draw:z-index="1"><draw:image xlink:href="Pictures/10000000000002B5000001470297087A44A57C67.png" xlink:type="simple" xlink:show="embed" xlink:actuate="onLoad" loext:mime-type="image/png"/></draw:frame><draw:frame draw:style-name="fr4" draw:name="Image3" text:anchor-type="char" svg:x="0cm" svg:y="4.18cm" svg:width="17cm" svg:height="1.39cm" draw:z-index="2"><draw:image xlink:href="Pictures/10000000000002B5000001470297087A44A57C67.png" xlink:type="simple" xlink:show="embed" xlink:actuate="onLoad" loext:mime-type="image/png"/></draw:frame><draw:frame draw:style-name="fr3" draw:name="Image4" text:anchor-type="char" svg:x="0cm" svg:y="1.402cm" svg:width="17cm" svg:height="2.531cm" draw:z-index="3"><draw:image xlink:href="Pictures/10000000000002B5000001470297087A44A57C67.png" xlink:type="simple" xlink:show="embed" xlink:actuate="onLoad" loext:mime-type="image/png"/></draw:frame>Table of Benchmark functions</text:p><text:p text:style-name="P18"/><text:p text:style-name="P18"/><text:p text:style-name="P18">Following are the results of the algorithm optimizing the above benchmark functions. <text:span text:style-name="T30">Positions of global extremum and computed extremum are tabulated, with the error in the position computed.</text:span></text:p><table:table table:name="Table1" table:style-name="Table1"><table:table-column table:style-name="Table1.A"/><table:table-column table:style-name="Table1.B"/><table:table-column table:style-name="Table1.C"/><table:table-column table:style-name="Table1.D"/><table:table-row><table:table-cell table:style-name="Table1.A1" office:value-type="string"><text:p text:style-name="P28">Benchmark function</text:p></table:table-cell><table:table-cell table:style-name="Table1.A1" office:value-type="string"><text:p text:style-name="P28">Global extremum</text:p></table:table-cell><table:table-cell table:style-name="Table1.A1" office:value-type="string"><text:p text:style-name="P28">Computed extremum</text:p></table:table-cell><table:table-cell table:style-name="Table1.D1" office:value-type="string"><text:p text:style-name="P28">Error</text:p></table:table-cell></table:table-row><table:table-row><table:table-cell table:style-name="Table1.A2" office:value-type="string"><text:p text:style-name="P29">Rosenbrock</text:p></table:table-cell><table:table-cell table:style-name="Table1.A2" office:value-type="string"><text:p text:style-name="P31">[1, 1]</text:p></table:table-cell><table:table-cell table:style-name="Table1.A2" office:value-type="string"><text:p text:style-name="P32">[0.9896482892484185, 0.9801718435831055]</text:p></table:table-cell><table:table-cell table:style-name="Table1.D2" office:value-type="string"><text:p text:style-name="P31">2.2367693273496983<text:span text:style-name="T28">e-2</text:span></text:p></table:table-cell></table:table-row><table:table-row><table:table-cell table:style-name="Table1.A2" office:value-type="string"><text:p text:style-name="P29">Sphere</text:p></table:table-cell><table:table-cell table:style-name="Table1.A2" office:value-type="string"><text:p text:style-name="P29"><text:span text:style-name="T27">[</text:span>0, <text:span text:style-name="T27">0]</text:span></text:p></table:table-cell><table:table-cell table:style-name="Table1.A2" office:value-type="string"><text:p text:style-name="P33">[-7.167324431374554e-112, 7.659159885262394e-112]</text:p></table:table-cell><table:table-cell table:style-name="Table1.D2" office:value-type="string"><text:p text:style-name="P33">1.0489674430247644e-111</text:p></table:table-cell></table:table-row><table:table-row><table:table-cell table:style-name="Table1.A2" office:value-type="string"><text:p text:style-name="P29">Sumsquare</text:p></table:table-cell><table:table-cell table:style-name="Table1.A2" office:value-type="string"><text:p text:style-name="P29"><text:span text:style-name="T27">[</text:span>0, <text:span text:style-name="T27">0]</text:span></text:p></table:table-cell><table:table-cell table:style-name="Table1.A2" office:value-type="string"><text:p text:style-name="P33">[-1.3008303238511788e-120, -9.379126664194878e-121]</text:p></table:table-cell><table:table-cell table:style-name="Table1.D2" office:value-type="string"><text:p text:style-name="P33">1.6036956386050553e-120</text:p></table:table-cell></table:table-row><table:table-row><table:table-cell table:style-name="Table1.A2" office:value-type="string"><text:p text:style-name="P29">Booth</text:p></table:table-cell><table:table-cell table:style-name="Table1.A2" office:value-type="string"><text:p text:style-name="P31">[1, 3]</text:p></table:table-cell><table:table-cell table:style-name="Table1.A2" office:value-type="string"><text:p text:style-name="P33">[1.0004415836667067, 2.999497689530941]</text:p></table:table-cell><table:table-cell table:style-name="Table1.D2" office:value-type="string"><text:p text:style-name="P30"><text:span text:style-name="T25">6.688138321149445</text:span><text:span text:style-name="T26">0e-4</text:span></text:p></table:table-cell></table:table-row><table:table-row><table:table-cell table:style-name="Table1.A2" office:value-type="string"><text:p text:style-name="P29">Ackley</text:p></table:table-cell><table:table-cell table:style-name="Table1.A2" office:value-type="string"><text:p text:style-name="P29"><text:span text:style-name="T27">[</text:span>0, <text:span text:style-name="T27">0]</text:span></text:p></table:table-cell><table:table-cell table:style-name="Table1.A2" office:value-type="string"><text:p text:style-name="P33">[1.561913353046971e-17, -2.0143480486045753e-16]</text:p></table:table-cell><table:table-cell table:style-name="Table1.D2" office:value-type="string"><text:p text:style-name="P33">2.0203944649848268e-16</text:p></table:table-cell></table:table-row></table:table><text:p text:style-name="P18"/><text:p text:style-name="P21"><text:span text:style-name="T33">The points of extremum are computed for each of the above benchmark functions, </text:span><text:span text:style-name="T34">and found to be of</text:span><text:span text:style-name="T33"> minimal error.</text:span></text:p><text:p text:style-name="P19"/><text:p text:style-name="P19"/><text:p text:style-name="P19">Following are the graphical 2D plot for the above benchmark functions solved optimized using WPA.</text:p><text:p text:style-name="P19"/><text:p text:style-name="P26"><draw:frame draw:style-name="fr2" draw:name="Image5" text:anchor-type="char" svg:x="0cm" svg:y="1.161cm" svg:width="17cm" svg:height="8.038cm" draw:z-index="4"><draw:image xlink:href="Pictures/10000201000005560000028646BD2B9D7515D631.png" xlink:type="simple" xlink:show="embed" xlink:actuate="onLoad" loext:mime-type="image/png"/></draw:frame><text:soft-page-break/>Rosenbrock <text:span text:style-name="T29">function</text:span></text:p><text:p text:style-name="P20"><draw:frame draw:style-name="fr2" draw:name="Image6" text:anchor-type="char" svg:x="0cm" svg:y="8.719cm" svg:width="17cm" svg:height="8.029cm" draw:z-index="5"><draw:image xlink:href="Pictures/100002010000055600000286DA44F0B2356EF656.png" xlink:type="simple" xlink:show="embed" xlink:actuate="onLoad" loext:mime-type="image/png"/></draw:frame></text:p><text:p text:style-name="P25"/><text:p text:style-name="P27"><draw:frame draw:style-name="fr1" draw:name="Image7" text:anchor-type="char" svg:x="0cm" svg:y="1cm" svg:width="17cm" svg:height="8.038cm" draw:z-index="6"><draw:image xlink:href="Pictures/10000201000005560000028693E34C5F2AF0E5ED.png" xlink:type="simple" xlink:show="embed" xlink:actuate="onLoad" loext:mime-type="image/png"/></draw:frame><draw:frame draw:style-name="fr1" draw:name="Image8" text:anchor-type="char" svg:x="0cm" svg:y="9.001cm" svg:width="17cm" svg:height="8.038cm" draw:z-index="7"><draw:image xlink:href="Pictures/1000020100000556000002864928616BE3AEEE2E.png" xlink:type="simple" xlink:show="embed" xlink:actuate="onLoad" loext:mime-type="image/png"/></draw:frame>Sphere function</text:p><text:p text:style-name="P25"/><text:p text:style-name="P27">Sumsquares function</text:p><text:p text:style-name="P25"><draw:frame draw:style-name="fr2" draw:name="Image9" text:anchor-type="char" svg:x="0cm" svg:y="0.153cm" svg:width="17cm" svg:height="8.038cm" draw:z-index="8"><draw:image xlink:href="Pictures/100002010000055600000286F924380E22D6D656.png" xlink:type="simple" xlink:show="embed" xlink:actuate="onLoad" loext:mime-type="image/png"/></draw:frame><draw:frame draw:style-name="fr2" draw:name="Image10" text:anchor-type="char" svg:x="0cm" svg:y="8.19cm" svg:width="17cm" svg:height="8.038cm" draw:z-index="9"><draw:image xlink:href="Pictures/100002010000055600000286D244F42E9DC18B46.png" xlink:type="simple" xlink:show="embed" xlink:actuate="onLoad" loext:mime-type="image/png"/></draw:frame></text:p><text:p text:style-name="P27"><draw:frame draw:style-name="fr1" draw:name="Image11" text:anchor-type="char" svg:x="0cm" svg:y="1cm" svg:width="17cm" svg:height="8.038cm" draw:z-index="10"><draw:image xlink:href="Pictures/1000020100000556000002861C64E73DC53FCB98.png" xlink:type="simple" xlink:show="embed" xlink:actuate="onLoad" loext:mime-type="image/png"/></draw:frame><draw:frame draw:style-name="fr1" draw:name="Image12" text:anchor-type="char" svg:x="0cm" svg:y="9.001cm" svg:width="17cm" svg:height="8.038cm" draw:z-index="11"><draw:image xlink:href="Pictures/100002010000055600000286C751E027C6AA2850.png" xlink:type="simple" xlink:show="embed" xlink:actuate="onLoad" loext:mime-type="image/png"/></draw:frame>Booth function</text:p><text:h text:style-name="P34" text:outline-level="1"/><text:h text:style-name="P34" text:outline-level="1"/><text:h text:style-name="P34" text:outline-level="1"/><text:h text:style-name="P34" text:outline-level="1"/><text:h text:style-name="P34" text:outline-level="1"/><text:h text:style-name="P36" text:outline-level="1"/><text:p text:style-name="P27"><draw:frame draw:style-name="fr1" draw:name="Image13" text:anchor-type="char" svg:x="0cm" svg:y="1cm" svg:width="17cm" svg:height="8.038cm" draw:z-index="12"><draw:image xlink:href="Pictures/100002010000055600000286800BAAE837332728.png" xlink:type="simple" xlink:show="embed" xlink:actuate="onLoad" loext:mime-type="image/png"/></draw:frame><draw:frame draw:style-name="fr1" draw:name="Image14" text:anchor-type="char" svg:x="0cm" svg:y="9.001cm" svg:width="17cm" svg:height="8.038cm" draw:z-index="13"><draw:image xlink:href="Pictures/100002010000055600000286E7A53DC966F0AF8B.png" xlink:type="simple" xlink:show="embed" xlink:actuate="onLoad" loext:mime-type="image/png"/></draw:frame>Ackley function</text:p><text:h text:style-name="P35" text:outline-level="1"/><text:h text:style-name="P38" text:outline-level="1">Conclusions</text:h><text:p text:style-name="P22"><text:span text:style-name="T35">The basics and principles of Wolf Pack search Algorithm (WPA) were studied. </text:span><text:span text:style-name="T37">The algorithm was</text:span><text:span text:style-name="T35"> </text:span><text:span text:style-name="T36">coded </text:span><text:span text:style-name="T37">i</text:span><text:span text:style-name="T36">n Python, </text:span><text:span text:style-name="T37">with improvements made on performance. The program was tested with few benchmark functions, </text:span><text:span text:style-name="T38">and </text:span><text:span text:style-name="T37">the results were tabulated. The program seems to deliver results of dependable accuracy. </text:span><text:span text:style-name="T39">This swarm intelligence method provides a very good convergence performance.</text:span></text:p><text:h text:style-name="P37" text:outline-level="1">References</text:h><text:list xml:id="list1871391662" text:style-name="L1"><text:list-item><text:p text:style-name="P41">Yang et. al., “Algorithm of Marriage in Honey Bees Optimization Based on the Wolf Pack Search”, <text:span text:style-name="T31">International Conference on Intelligent Pervasive Computing</text:span><text:span text:style-name="T32">, 2007.</text:span></text:p></text:list-item><text:list-item><text:p text:style-name="P41"><text:span text:style-name="T32">H. Wu and F. Zhang, “Wolf Pack Algorithm for Unconstrained Global Optimization”, </text:span><text:span text:style-name="T31">Mathematical Problems in Engineering</text:span><text:span text:style-name="T32">, vol. 2014, Article ID 465082, 17 pages, 2014.</text:span></text:p></text:list-item></text:list><text:p text:style-name="P42"/></office:text></office:body></office:document-content>