<?xml version="1.0" encoding="UTF-8"?>
<office:document-meta xmlns:grddl="http://www.w3.org/2003/g/data-view#" xmlns:meta="urn:oasis:names:tc:opendocument:xmlns:meta:1.0" xmlns:xlink="http://www.w3.org/1999/xlink" xmlns:dc="http://purl.org/dc/elements/1.1/" xmlns:ooo="http://openoffice.org/2004/office" xmlns:office="urn:oasis:names:tc:opendocument:xmlns:office:1.0" office:version="1.2"><office:meta><meta:creation-date>2017-10-20T23:40:51.940000000</meta:creation-date><meta:generator>LibreOffice/6.4.6.2$Linux_X86_64 LibreOffice_project/40$Build-2</meta:generator><dc:date>2021-01-03T22:34:34.706825300</dc:date><meta:editing-duration>PT6H16M34S</meta:editing-duration><meta:editing-cycles>57</meta:editing-cycles><meta:document-statistic meta:table-count="1" meta:image-count="14" meta:object-count="0" meta:page-count="10" meta:paragraph-count="66" meta:word-count="1459" meta:character-count="9342" meta:non-whitespace-character-count="7950"/></office:meta></office:document-meta>